"","X","police_department","driver_race","num_stops","num_searches","num_hits","search_rate","hit_rate","thresholds","total_stops"
"1",0,"Anderson County","Black",18850,346,136,0.0183554376657825,0.393063583815029,0.274320756121605,118701
"2",1,"Anderson County","Hispanic",10928,229,77,0.0209553440702782,0.336244541484716,0.170064909512147,118701
"3",2,"Anderson County","White",88923,1142,405,0.0128425716631243,0.354640980735552,0.232690512747484,118701
"4",8,"Angelina County","Asian",671,3,2,0.00447093889716841,0.666666666666667,0.248718020694941,125625
"5",9,"Angelina County","Black",19616,395,166,0.0201366231647635,0.420253164556962,0.298837641417061,125625
"6",10,"Angelina County","Hispanic",15589,320,97,0.0205272948874206,0.303125,0.191211470013105,125625
"7",12,"Angelina County","White",89749,1215,468,0.0135377552953236,0.385185185185185,0.260685208757237,125625
"8",24,"Atascosa County","Asian",1043,7,3,0.00671140939597315,0.428571428571429,0.195285253678632,126723
"9",25,"Atascosa County","Black",4232,60,20,0.0141776937618147,0.333333333333333,0.276333059159443,126723
"10",26,"Atascosa County","Hispanic",61501,1226,299,0.0199346352091836,0.243882544861338,0.161640196467635,126723
"11",28,"Atascosa County","White",59947,1118,326,0.018649807329808,0.291592128801431,0.187294354453384,126723
"12",41,"Bastrop County","Asian",4710,34,8,0.00721868365180467,0.235294117647059,0.286038712358294,147897
"13",42,"Bastrop County","Black",14278,556,201,0.0389410281552038,0.361510791366906,0.261847065158723,147897
"14",43,"Bastrop County","Hispanic",29064,1046,347,0.0359895403248004,0.331739961759082,0.163562245274628,147897
"15",45,"Bastrop County","White",99845,2602,979,0.0260603936100956,0.376249039200615,0.229116682003822,147897
"16",52,"Bell County","Asian",6743,48,11,0.0071184932522616,0.229166666666667,0.18026308671965,268787
"17",53,"Bell County","Black",50820,916,314,0.0180243998425817,0.342794759825328,0.244451242946542,268787
"18",54,"Bell County","Hispanic",46532,976,214,0.020974813031892,0.219262295081967,0.147414327506662,268787
"19",56,"Bell County","White",164692,2019,585,0.0122592475651519,0.289747399702823,0.205540547670889,268787
"20",57,"Bexar County","Asian",1705,14,7,0.00821114369501466,0.5,0.206329279286496,162065
"21",58,"Bexar County","Black",10355,195,62,0.0188314823756639,0.317948717948718,0.272853923580208,162065
"22",59,"Bexar County","Hispanic",73911,1561,482,0.0211199956704685,0.308776425368354,0.171654281848287,162065
"23",61,"Bexar County","White",76094,1312,365,0.0172418324703656,0.278201219512195,0.20774537595295,162065
"24",70,"Bowie County","Asian",1012,28,3,0.0276679841897233,0.107142857142857,0.145942726439287,156696
"25",71,"Bowie County","Black",30155,1449,389,0.0480517327143094,0.268461007591442,0.190627665893994,156696
"26",72,"Bowie County","Hispanic",10229,708,108,0.0692149770261023,0.152542372881356,0.0829529909902685,156696
"27",73,"Bowie County","White",115300,4219,1130,0.0365915004336513,0.267835980090069,0.150773437880916,156696
"28",74,"Brazoria County","Asian",6546,57,15,0.00870760769935839,0.263157894736842,0.259523526923542,345379
"29",75,"Brazoria County","Black",55459,1269,519,0.0228817685136768,0.408983451536643,0.321261418757142,345379
"30",76,"Brazoria County","Hispanic",80513,1764,691,0.0219095052972812,0.39172335600907,0.215003978462853,345379
"31",78,"Brazoria County","White",202861,3616,1508,0.017825013186369,0.417035398230089,0.267278984548652,345379
"32",79,"Brazos County","Asian",4345,59,31,0.0135788262370541,0.525423728813559,0.303883439657984,140944
"33",80,"Brazos County","Black",20042,1053,437,0.0525396666999301,0.415004748338082,0.264043751730751,140944
"34",81,"Brazos County","Hispanic",22137,895,373,0.0404300492388309,0.416759776536313,0.179986605039856,140944
"35",83,"Brazos County","White",94420,2630,1192,0.0278542681635247,0.453231939163498,0.27118988178294,140944
"36",90,"Brooks County","Black",1701,75,7,0.0440917107583774,0.0933333333333333,0.084070825924468,99034
"37",91,"Brooks County","Hispanic",72725,2418,143,0.0332485390168443,0.0591397849462366,0.0518827888573785,99034
"38",93,"Brooks County","White",24608,469,30,0.0190588426527958,0.0639658848614073,0.0707560017056453,99034
"39",99,"Burleson County","Asian",1519,20,11,0.0131665569453588,0.55,0.240776971001293,82965
"40",100,"Burleson County","Black",9924,361,142,0.0363764611043934,0.393351800554017,0.263629502519888,82965
"41",101,"Burleson County","Hispanic",10302,299,86,0.0290234905843526,0.287625418060201,0.177037806808056,82965
"42",102,"Burleson County","White",61220,1460,558,0.0238484155504737,0.382191780821918,0.231860980965528,82965
"43",103,"Burnet County","Asian",844,5,1,0.00592417061611374,0.2,0.268772418100397,92635
"44",104,"Burnet County","Black",2930,72,19,0.0245733788395904,0.263888888888889,0.295977509855239,92635
"45",105,"Burnet County","Hispanic",13905,419,129,0.0301330456670263,0.307875894988067,0.171020743997197,92635
"46",107,"Burnet County","White",74956,1436,581,0.0191579059715033,0.404596100278552,0.253094171903295,92635
"47",116,"Callahan County","Asian",1688,8,2,0.004739336492891,0.25,0.222471129957578,89553
"48",117,"Callahan County","Black",9505,137,48,0.0144134665965281,0.35036496350365,0.295039188964358,89553
"49",118,"Callahan County","Hispanic",15133,180,52,0.011894535121919,0.288888888888889,0.216922714188619,89553
"50",120,"Callahan County","White",63227,620,243,0.00980593733689721,0.391935483870968,0.259946585955588,89553
"51",121,"Cameron County","Asian",1729,7,2,0.00404858299595142,0.285714285714286,0.129315608629406,379459
"52",122,"Cameron County","Black",3400,44,12,0.0129411764705882,0.272727272727273,0.182176360942098,379459
"53",123,"Cameron County","Hispanic",295130,3030,537,0.0102666621488835,0.177227722772277,0.129360422585517,379459
"54",124,"Cameron County","White",79200,740,132,0.00934343434343434,0.178378378378378,0.146561108001875,379459
"55",128,"Carson County","Asian",2216,75,41,0.0338447653429603,0.546666666666667,0.249900578182787,101600
"56",129,"Carson County","Black",9182,917,361,0.0998693095186234,0.393675027262814,0.19202455569663,101600
"57",130,"Carson County","Hispanic",22416,1762,537,0.078604568165596,0.304767309875142,0.104815135338471,101600
"58",132,"Carson County","White",67786,2176,1117,0.0321010238102263,0.513327205882353,0.299771600985558,101600
"59",133,"Cass County","Black",20636,697,202,0.0337759255669703,0.289813486370158,0.217771474379568,112320
"60",134,"Cass County","Hispanic",6781,408,62,0.0601681167969326,0.151960784313725,0.0901613920953843,112320
"61",136,"Cass County","White",84903,1918,585,0.0225904856129937,0.305005213764338,0.186313710670253,112320
"62",140,"Chambers County","Asian",4686,71,14,0.0151515151515152,0.197183098591549,0.193110036698726,191677
"63",141,"Chambers County","Black",59794,3411,1148,0.0570458574438907,0.336558194077983,0.203070133257231,191677
"64",142,"Chambers County","Hispanic",32585,1162,235,0.0356605800214823,0.20223752151463,0.148608100551235,191677
"65",143,"Chambers County","White",94612,1992,638,0.0210544117025324,0.320281124497992,0.222472251141158,191677
"66",144,"Cherokee County","Asian",634,5,2,0.00788643533123028,0.4,0.226733313389495,106181
"67",145,"Cherokee County","Black",15744,544,183,0.0345528455284553,0.336397058823529,0.236113929379571,106181
"68",146,"Cherokee County","Hispanic",12360,466,114,0.0377022653721683,0.244635193133047,0.133787281807937,106181
"69",147,"Cherokee County","White",77443,1495,514,0.0193045207442893,0.3438127090301,0.220891472651979,106181
"70",167,"Collin County","Asian",11746,49,14,0.00417163289630513,0.285714285714286,0.178334843236801,298043
"71",168,"Collin County","Black",36055,490,154,0.0135903480793233,0.314285714285714,0.234255771352374,298043
"72",169,"Collin County","Hispanic",35599,512,99,0.0143824264726537,0.193359375,0.150742239921874,298043
"73",171,"Collin County","White",214643,1585,454,0.00738435448628653,0.286435331230284,0.210777506636455,298043
"74",175,"Colorado County","Asian",6815,37,24,0.00542920029347029,0.648648648648649,0.343598112763097,121579
"75",176,"Colorado County","Black",15380,505,222,0.0328348504551365,0.43960396039604,0.287695575007149,121579
"76",177,"Colorado County","Hispanic",29448,861,263,0.0292379788101059,0.305458768873403,0.178361615181511,121579
"77",179,"Colorado County","White",69936,1030,532,0.0147277510867078,0.516504854368932,0.320342346063901,121579
"78",180,"Comal County","Asian",1625,5,3,0.00307692307692308,0.6,0.29435977379114,122168
"79",181,"Comal County","Black",6680,161,70,0.0241017964071856,0.434782608695652,0.29500072753078,122168
"80",182,"Comal County","Hispanic",32288,682,219,0.0211223984142716,0.321114369501466,0.20050695325998,122168
"81",184,"Comal County","White",81575,1465,559,0.0179589334967821,0.381569965870307,0.245398018209819,122168
"82",192,"Cooke County","Asian",3292,20,10,0.00607533414337789,0.5,0.265670302429107,132908
"83",193,"Cooke County","Black",10618,213,106,0.020060275004709,0.497652582159624,0.318290900037959,132908
"84",194,"Cooke County","Hispanic",15035,263,99,0.0174925174592617,0.376425855513308,0.223147436512618,132908
"85",196,"Cooke County","White",103963,703,333,0.00676202110366188,0.473684210526316,0.362150628434221,132908
"86",213,"Culberson County","Asian",1927,23,8,0.0119356512714063,0.347826086956522,0.116209221052699,96316
"87",214,"Culberson County","Black",7118,131,42,0.0184040460803597,0.320610687022901,0.180854872828888,96316
"88",215,"Culberson County","Hispanic",41609,816,95,0.0196111418202793,0.116421568627451,0.110320355057133,96316
"89",217,"Culberson County","White",45662,479,108,0.0104901230782708,0.225469728601253,0.154516405657777,96316
"90",222,"Dallas County","Asian",7265,60,13,0.00825877494838266,0.216666666666667,0.206518887828482,162001
"91",223,"Dallas County","Black",38064,903,316,0.0237232030264817,0.349944629014396,0.257866317008788,162001
"92",224,"Dallas County","Hispanic",24430,483,162,0.0197707736389685,0.335403726708075,0.181619480638862,162001
"93",226,"Dallas County","White",92242,961,354,0.010418247652913,0.368366285119667,0.263068106678529,162001
"94",240,"Denton County","Asian",8088,85,31,0.0105093966369931,0.364705882352941,0.240570868289266,238726
"95",241,"Denton County","Black",29960,1309,485,0.0436915887850467,0.370511841100076,0.235739537101839,238726
"96",242,"Denton County","Hispanic",36680,1271,371,0.0346510359869139,0.291896144767899,0.157110544542349,238726
"97",244,"Denton County","White",163998,3688,1330,0.0224880791229161,0.360629067245119,0.231102943885723,238726
"98",260,"Eastland County","Asian",1585,11,2,0.00694006309148265,0.181818181818182,0.308617423625992,110422
"99",261,"Eastland County","Black",10217,522,211,0.0510913183909171,0.404214559386973,0.247886426894102,110422
"100",262,"Eastland County","Hispanic",19063,636,239,0.0333630593295914,0.375786163522013,0.187270104082209,110422
"101",264,"Eastland County","White",79557,1398,654,0.0175723066480637,0.467811158798283,0.310645666833944,110422
"102",265,"Ector County","Asian",497,11,5,0.0221327967806841,0.454545454545455,0.22806263439062,134031
"103",266,"Ector County","Black",4625,261,74,0.0564324324324324,0.283524904214559,0.220022099053067,134031
"104",267,"Ector County","Hispanic",64500,2715,888,0.042093023255814,0.32707182320442,0.152134929235238,134031
"105",269,"Ector County","White",64409,2307,736,0.0358179757487308,0.319029042045947,0.196038586560949,134031
"106",273,"El Paso County","Asian",2140,22,7,0.0102803738317757,0.318181818181818,0.19470932033375,313122
"107",274,"El Paso County","Black",12022,383,145,0.031858259856929,0.378590078328982,0.229583181838369,313122
"108",275,"El Paso County","Hispanic",213302,4728,1337,0.0221657555953531,0.282783417935702,0.168371099156049,313122
"109",277,"El Paso County","White",85658,1981,505,0.0231268533003339,0.254921756688541,0.184165020260128,313122
"110",278,"Ellis County","Asian",3002,28,9,0.00932711525649567,0.321428571428571,0.262740215160849,152512
"111",279,"Ellis County","Black",23114,833,320,0.0360387643852211,0.384153661464586,0.270066843073466,152512
"112",280,"Ellis County","Hispanic",27472,1258,358,0.0457920792079208,0.284578696343402,0.135873165333514,152512
"113",282,"Ellis County","White",98924,2155,851,0.0217844001455663,0.394895591647332,0.248887588965271,152512
"114",283,"Erath County","Asian",553,6,2,0.0108499095840868,0.333333333333333,0.221043091609649,98706
"115",284,"Erath County","Black",2516,91,30,0.0361685214626391,0.32967032967033,0.239826870752014,98706
"116",285,"Erath County","Hispanic",14294,396,130,0.0277039317196026,0.328282828282828,0.169485952636813,98706
"117",286,"Erath County","White",81343,1525,531,0.0187477717812227,0.348196721311475,0.23217722070679,98706
"118",295,"Fayette County","Asian",5149,22,11,0.00427267430569042,0.5,0.269503382989941,95815
"119",296,"Fayette County","Black",10537,220,100,0.02087880800987,0.454545454545455,0.293714535094067,95815
"120",297,"Fayette County","Hispanic",20312,386,134,0.0190035447026388,0.347150259067358,0.200013828830022,95815
"121",299,"Fayette County","White",59817,421,172,0.00703813297223197,0.40855106888361,0.327387463169243,95815
"122",309,"Fort Bend County","Asian",24211,131,30,0.0054107637024493,0.229007633587786,0.185614915680927,290379
"123",310,"Fort Bend County","Black",62665,1103,325,0.0176015319556371,0.294650951949229,0.235164202956847,290379
"124",311,"Fort Bend County","Hispanic",78575,1834,399,0.0233407572383073,0.217557251908397,0.13457671487643,290379
"125",313,"Fort Bend County","White",124928,1977,520,0.0158251152663934,0.26302478502782,0.178150121565457,290379
"126",319,"Freestone County","Asian",3562,24,8,0.00673778775968557,0.333333333333333,0.207757316667341,90665
"127",320,"Freestone County","Black",18073,384,131,0.0212471642782051,0.341145833333333,0.255885017573514,90665
"128",321,"Freestone County","Hispanic",15249,478,113,0.0313463177913306,0.236401673640167,0.134429324753185,90665
"129",322,"Freestone County","White",53781,597,205,0.0111005745523512,0.343383584589615,0.241910150598173,90665
"130",323,"Frio County","Black",3707,105,18,0.0283247909360669,0.171428571428571,0.15480222404284,126416
"131",324,"Frio County","Hispanic",85192,3572,432,0.0419288196074749,0.120940649496081,0.0788786483497504,126416
"132",325,"Frio County","White",37517,818,137,0.0218034491030733,0.167481662591687,0.118835932094508,126416
"133",331,"Galveston County","Asian",4521,18,6,0.0039814200398142,0.333333333333333,0.266011826104833,175808
"134",332,"Galveston County","Black",33050,911,293,0.0275642965204236,0.321624588364435,0.253558450494039,175808
"135",333,"Galveston County","Hispanic",38046,869,321,0.0228407716974189,0.369390103567319,0.179674642013762,175808
"136",335,"Galveston County","White",100191,1487,512,0.0148416524438323,0.344317417619368,0.241540609180328,175808
"137",351,"Gonzales County","Asian",4034,23,10,0.00570153693604363,0.434782608695652,0.166619523255677,133851
"138",352,"Gonzales County","Black",14604,318,84,0.0217748562037798,0.264150943396226,0.196749184964969,133851
"139",353,"Gonzales County","Hispanic",42595,1813,204,0.0425636811832375,0.112520683949255,0.086352040666915,133851
"140",355,"Gonzales County","White",72618,1098,310,0.0151202181277369,0.282331511839709,0.163743131906247,133851
"141",361,"Grayson County","Asian",1565,18,1,0.0115015974440895,0.0555555555555556,0.129886856520399,142840
"142",362,"Grayson County","Black",10144,286,65,0.0281940063091483,0.227272727272727,0.17478410332174,142840
"143",363,"Grayson County","Hispanic",11580,322,52,0.0278065630397237,0.161490683229814,0.10747443161587,142840
"144",365,"Grayson County","White",119551,1468,336,0.0122792782996378,0.228882833787466,0.166591879892202,142840
"145",366,"Gregg County","Asian",1638,37,4,0.0225885225885226,0.108108108108108,0.200335553792654,174955
"146",367,"Gregg County","Black",44777,2602,968,0.0581101904995868,0.372021521906226,0.223940426097388,174955
"147",368,"Gregg County","Hispanic",18801,985,272,0.0523908302749854,0.276142131979695,0.13063781973682,174955
"148",369,"Gregg County","White",109739,2938,1110,0.026772615022918,0.377808032675289,0.236637578116722,174955
"149",374,"Guadalupe County","Asian",3836,47,17,0.012252346193952,0.361702127659574,0.186077994120921,177193
"150",375,"Guadalupe County","Black",17318,540,189,0.0311814297262963,0.35,0.230288466170101,177193
"151",376,"Guadalupe County","Hispanic",52343,1469,326,0.0280648797355902,0.221919673247107,0.146359526654566,177193
"152",378,"Guadalupe County","White",103696,1981,640,0.0191039191482796,0.323069156991418,0.203698136192911,177193
"153",379,"Hale County","Asian",779,7,3,0.00898587933247754,0.428571428571429,0.21845748306257,95543
"154",380,"Hale County","Black",5221,299,95,0.0572687224669604,0.317725752508361,0.188056837614775,95543
"155",381,"Hale County","Hispanic",30780,1019,269,0.0331059129304743,0.263984298331698,0.145523062007637,95543
"156",382,"Hale County","White",58763,1102,349,0.0187532971427599,0.316696914700544,0.219882942005854,95543
"157",400,"Harris County","Asian",25384,125,38,0.00492436180271037,0.304,0.233874954785102,597761
"158",401,"Harris County","Black",153225,3429,1196,0.0223788546255507,0.348789734616506,0.254977256680481,597761
"159",402,"Harris County","Hispanic",159053,2381,722,0.0149698528163568,0.303233935321294,0.198430041070851,597761
"160",404,"Harris County","White",260099,3718,1263,0.0142945570724993,0.339698762775686,0.223712296677839,597761
"161",405,"Harrison County","Asian",1800,36,4,0.02,0.111111111111111,0.118414695988538,212532
"162",406,"Harrison County","Black",52040,1842,426,0.0353958493466564,0.231270358306189,0.168455767704945,212532
"163",407,"Harrison County","Hispanic",17010,765,99,0.044973544973545,0.129411764705882,0.0880316066551558,212532
"164",409,"Harrison County","White",141682,2414,580,0.0170381558701882,0.24026512013256,0.15871584040788,212532
"165",419,"Hays County","Asian",2576,21,6,0.00815217391304348,0.285714285714286,0.230828893723551,162616
"166",420,"Hays County","Black",9680,222,84,0.0229338842975207,0.378378378378378,0.285657523741174,162616
"167",421,"Hays County","Hispanic",47254,1234,381,0.026114191391205,0.308752025931929,0.171428400810951,162616
"168",423,"Hays County","White",103106,1985,669,0.0192520318895118,0.337027707808564,0.224866930546864,162616
"169",428,"Henderson County","Asian",670,10,4,0.0149253731343284,0.4,0.20961516231966,111884
"170",429,"Henderson County","Black",10987,389,116,0.0354054792026941,0.298200514138817,0.241771885972205,111884
"171",430,"Henderson County","Hispanic",11003,376,126,0.0341724984095247,0.335106382978723,0.152208969245149,111884
"172",432,"Henderson County","White",89224,2296,744,0.0257329866403658,0.32404181184669,0.201302522459861,111884
"173",433,"Hidalgo County","Asian",1952,16,1,0.00819672131147541,0.0625,0.0739729869423895,809505
"174",434,"Hidalgo County","Black",4589,143,8,0.0311614730878187,0.0559440559440559,0.0983436736490352,809505
"175",435,"Hidalgo County","Hispanic",694469,11953,1065,0.0172117113938851,0.0890989709696311,0.069396943844587,809505
"176",437,"Hidalgo County","White",108495,2280,243,0.0210147933084474,0.106578947368421,0.0749059906248728,809505
"177",438,"Hill County","Asian",2327,34,5,0.0146110872367856,0.147058823529412,0.185778811565259,115370
"178",439,"Hill County","Black",13919,594,215,0.0426754795603132,0.361952861952862,0.216044009233556,115370
"179",440,"Hill County","Hispanic",22397,1172,233,0.0523284368442202,0.198805460750853,0.108094105981516,115370
"180",442,"Hill County","White",76727,1610,511,0.0209834869081288,0.317391304347826,0.209837484249407,115370
"181",448,"Hood County","Asian",703,5,2,0.00711237553342817,0.4,0.266965927855561,125381
"182",449,"Hood County","Black",2341,93,30,0.0397266125587356,0.32258064516129,0.248923812434551,125381
"183",450,"Hood County","Hispanic",12115,315,93,0.0260008254230293,0.295238095238095,0.188659800221626,125381
"184",452,"Hood County","White",110222,3234,1117,0.02934078496126,0.34539270253556,0.204609786043498,125381
"185",453,"Hopkins County","Asian",1739,36,5,0.0207015526164462,0.138888888888889,0.165991288579442,124014
"186",454,"Hopkins County","Black",18564,1233,385,0.0664188752424047,0.312246553122466,0.169000779357166,124014
"187",455,"Hopkins County","Hispanic",16153,1219,160,0.0754658577354052,0.131255127153404,0.0788916433818631,124014
"188",457,"Hopkins County","White",87558,2030,652,0.0231846319011398,0.321182266009852,0.200456585644543,124014
"189",467,"Hudspeth County","Asian",2093,33,4,0.0157668418537984,0.121212121212121,0.122343907278458,111816
"190",468,"Hudspeth County","Black",9012,248,74,0.0275188637372392,0.298387096774194,0.181321406506176,111816
"191",469,"Hudspeth County","Hispanic",48598,1144,159,0.0235400633770937,0.138986013986014,0.117498349702317,111816
"192",471,"Hudspeth County","White",52113,788,205,0.015120987085756,0.260152284263959,0.159668151873501,111816
"193",472,"Hunt County","Asian",2697,25,3,0.00926955876900259,0.12,0.176199016458798,211253
"194",473,"Hunt County","Black",29033,1098,347,0.037819033513588,0.316029143897996,0.195365771319685,211253
"195",474,"Hunt County","Hispanic",22577,734,112,0.0325109624839438,0.152588555858311,0.123246744660729,211253
"196",476,"Hunt County","White",156946,2102,638,0.0133931415901011,0.303520456707897,0.210693536946312,211253
"197",494,"Jasper County","Black",21615,167,48,0.00772611612306269,0.287425149700599,0.248886924576142,148128
"198",495,"Jasper County","Hispanic",6880,52,11,0.00755813953488372,0.211538461538462,0.169048892758425,148128
"199",496,"Jasper County","White",119633,720,192,0.00601840629257813,0.266666666666667,0.202666425710776,148128
"200",500,"Jefferson County","Asian",4661,52,17,0.0111564042051062,0.326923076923077,0.172723533639843,175767
"201",501,"Jefferson County","Black",43580,1146,351,0.0262964662689307,0.306282722513089,0.225747228869982,175767
"202",502,"Jefferson County","Hispanic",21744,436,75,0.0200515084621045,0.172018348623853,0.157870411774145,175767
"203",504,"Jefferson County","White",105782,1839,568,0.0173848102701783,0.308863512778684,0.192967179279375,175767
"204",509,"Jim Wells County","Black",1727,27,2,0.0156340474811812,0.0740740740740741,0.179244657957473,115293
"205",510,"Jim Wells County","Hispanic",78101,1260,200,0.0161329560440967,0.158730158730159,0.116917241294232,115293
"206",511,"Jim Wells County","White",35465,587,108,0.0165515296771465,0.183986371379898,0.130045337177904,115293
"207",512,"Johnson County","Asian",1225,9,2,0.0073469387755102,0.222222222222222,0.262658504332802,156703
"208",513,"Johnson County","Black",8682,186,66,0.0214236351071182,0.354838709677419,0.320663985609799,156703
"209",514,"Johnson County","Hispanic",22395,471,149,0.0210314802411252,0.316348195329087,0.211112012308265,156703
"210",516,"Johnson County","White",124401,2381,983,0.0191397175263864,0.412851742965141,0.254658702430468,156703
"211",525,"Kaufman County","Asian",1847,33,6,0.0178668110449377,0.181818181818182,0.212105079799885,189607
"212",526,"Kaufman County","Black",46692,2742,963,0.0587252634284246,0.351203501094092,0.210609966093534,189607
"213",527,"Kaufman County","Hispanic",22929,953,259,0.0415630860482359,0.271773347324239,0.144533938050698,189607
"214",529,"Kaufman County","White",118139,3662,1296,0.0309973844369768,0.35390496996177,0.207280637589691,189607
"215",556,"Kleberg County","Black",2665,77,6,0.0288930581613508,0.0779220779220779,0.124042664422731,95765
"216",557,"Kleberg County","Hispanic",65131,1623,169,0.0249190093810935,0.104128157732594,0.0783771024295275,95765
"217",558,"Kleberg County","White",27969,376,47,0.0134434552540312,0.125,0.108598673257221,95765
"218",562,"La Salle County","Asian",502,4,1,0.00796812749003984,0.25,0.0745518784371123,95735
"219",563,"La Salle County","Black",2157,31,2,0.014371812702828,0.0645161290322581,0.116352034775959,95735
"220",564,"La Salle County","Hispanic",66971,1227,84,0.0183213629780054,0.0684596577017115,0.0676563440561476,95735
"221",565,"La Salle County","White",26105,410,35,0.0157058034859222,0.0853658536585366,0.0806106356283672,95735
"222",588,"Leon County","Asian",3586,19,3,0.0052983825989961,0.157894736842105,0.22993122817849,87539
"223",589,"Leon County","Black",20496,407,162,0.0198575331772053,0.398034398034398,0.277447634642691,87539
"224",590,"Leon County","Hispanic",15969,435,110,0.0272402780387,0.252873563218391,0.151938598622386,87539
"225",591,"Leon County","White",47488,611,214,0.0128664083557951,0.350245499181669,0.242254562284565,87539
"226",592,"Liberty County","Asian",879,15,5,0.0170648464163823,0.333333333333333,0.223650378557123,124779
"227",593,"Liberty County","Black",21401,864,399,0.0403719452362039,0.461805555555556,0.263891625438278,124779
"228",594,"Liberty County","Hispanic",14037,355,89,0.0252903041960533,0.250704225352113,0.196892609133219,124779
"229",596,"Liberty County","White",88462,1872,718,0.0211616287219371,0.383547008547009,0.252802903339328,124779
"230",603,"Live Oak County","Black",3952,42,11,0.0106275303643725,0.261904761904762,0.182695499089445,106373
"231",604,"Live Oak County","Hispanic",51019,679,98,0.0133087673219781,0.144329896907216,0.112588939870231,106373
"232",605,"Live Oak County","White",51402,558,90,0.0108556087311778,0.161290322580645,0.133635372301984,106373
"233",613,"Lubbock County","Asian",975,17,3,0.0174358974358974,0.176470588235294,0.209835244889072,157716
"234",614,"Lubbock County","Black",10995,700,220,0.0636653024101864,0.314285714285714,0.206338638008985,157716
"235",615,"Lubbock County","Hispanic",45455,2450,693,0.0538994610053899,0.282857142857143,0.128996790850655,157716
"236",617,"Lubbock County","White",100291,2796,844,0.0278788724810801,0.301859799713877,0.213456303497875,157716
"237",640,"Maverick County","Black",1382,37,2,0.0267727930535456,0.0540540540540541,0.110401851033863,124057
"238",641,"Maverick County","Hispanic",99107,2203,204,0.0222285005095503,0.0926009986382206,0.0699118411440204,124057
"239",643,"Maverick County","White",23568,493,31,0.020918194161575,0.0628803245436105,0.0812923835515678,124057
"240",648,"McLennan County","Asian",3183,26,11,0.00816839459629281,0.423076923076923,0.266980724851586,200874
"241",649,"McLennan County","Black",28605,1276,550,0.0446075860863485,0.431034482758621,0.24697465797776,200874
"242",650,"McLennan County","Hispanic",38006,1775,449,0.0467031521338736,0.252957746478873,0.135456384277141,200874
"243",652,"McLennan County","White",131080,3181,1083,0.0242676228257553,0.340458975165042,0.229777049921036,200874
"244",655,"Medina County","Black",3692,84,10,0.0227518959913326,0.119047619047619,0.195370505035753,162949
"245",656,"Medina County","Hispanic",77007,1941,321,0.0252055007986287,0.165378670788253,0.118694534172146,162949
"246",657,"Medina County","White",82250,1683,407,0.0204620060790274,0.241830065359477,0.148040358043592,162949
"247",661,"Midland County","Asian",706,16,6,0.0226628895184136,0.375,0.215494598322052,122992
"248",662,"Midland County","Black",7081,405,128,0.0571953113966954,0.316049382716049,0.222774634109094,122992
"249",663,"Midland County","Hispanic",43723,1916,626,0.0438213297349221,0.326722338204593,0.15108368724637,122992
"250",665,"Midland County","White",71482,1742,618,0.0243697714109846,0.354764638346728,0.243193434021665,122992
"251",679,"Montague County","Asian",1059,14,12,0.0132200188857413,0.857142857142857,0.283797947315716,89565
"252",680,"Montague County","Black",6021,233,111,0.0386978907158279,0.476394849785408,0.289649893641422,89565
"253",681,"Montague County","Hispanic",8776,229,96,0.0260938924339107,0.419213973799127,0.219819607753478,89565
"254",683,"Montague County","White",73709,950,484,0.0128885210761237,0.509473684210526,0.35916767482186,89565
"255",684,"Montgomery County","Asian",8171,104,34,0.0127279402765879,0.326923076923077,0.262498278968976,526453
"256",685,"Montgomery County","Black",56697,2880,1092,0.0507963384306048,0.379166666666667,0.242042543401713,526453
"257",686,"Montgomery County","Hispanic",103406,3849,1327,0.0372222114770903,0.344764873993245,0.168219335371339,526453
"258",688,"Montgomery County","White",358179,12250,4507,0.0342007767066188,0.367918367346939,0.209061092038327,526453
"259",701,"Nacogdoches County","Asian",1017,6,2,0.00589970501474926,0.333333333333333,0.141323500931492,138428
"260",702,"Nacogdoches County","Black",26138,425,115,0.0162598515571199,0.270588235294118,0.198356176931077,138428
"261",703,"Nacogdoches County","Hispanic",17333,319,43,0.0184042000807708,0.134796238244514,0.120520908688123,138428
"262",704,"Nacogdoches County","White",93940,693,169,0.00737704918032787,0.243867243867244,0.184259642612166,138428
"263",705,"Navarro County","Asian",4095,96,21,0.0234432234432234,0.21875,0.187507638254998,112587
"264",706,"Navarro County","Black",23988,1559,575,0.0649908287477072,0.368826170622194,0.207676646994085,112587
"265",707,"Navarro County","Hispanic",17767,1155,271,0.0650081611977261,0.234632034632035,0.111019612847431,112587
"266",709,"Navarro County","White",66737,2328,698,0.0348831982258717,0.299828178694158,0.194769984773719,112587
"267",713,"Nolan County","Asian",1539,24,4,0.0155945419103314,0.166666666666667,0.252397624707316,105504
"268",714,"Nolan County","Black",9480,646,247,0.0681434599156118,0.382352941176471,0.216398604467335,105504
"269",715,"Nolan County","Hispanic",23002,1210,363,0.0526041213807495,0.3,0.136285222409661,105504
"270",717,"Nolan County","White",71483,2086,846,0.0291817634962159,0.405560882070949,0.244347830910265,105504
"271",718,"Nueces County","Asian",1600,5,1,0.003125,0.2,0.191408130275475,160263
"272",719,"Nueces County","Black",5536,94,35,0.0169797687861272,0.372340425531915,0.235300081335967,160263
"273",720,"Nueces County","Hispanic",86476,1110,238,0.012835931356677,0.214414414414414,0.171505943973767,160263
"274",721,"Nueces County","White",66651,626,220,0.00939220716868464,0.351437699680511,0.213729397157099,160263
"275",730,"Orange County","Asian",2131,23,1,0.010793054903801,0.0434782608695652,0.140513557387826,137621
"276",731,"Orange County","Black",19433,774,138,0.0398291565893069,0.178294573643411,0.159267802129365,137621
"277",732,"Orange County","Hispanic",10391,378,52,0.0363776344913868,0.137566137566138,0.0981153948585895,137621
"278",734,"Orange County","White",105666,2203,520,0.0208487119792554,0.23604176123468,0.146540637728028,137621
"279",735,"Palo Pinto County","Asian",1007,16,3,0.015888778550149,0.1875,0.210870902212253,105657
"280",736,"Palo Pinto County","Black",7196,436,142,0.0605892162312396,0.325688073394495,0.195472855711201,105657
"281",737,"Palo Pinto County","Hispanic",15726,795,173,0.0505532239603205,0.217610062893082,0.117274096033507,105657
"282",739,"Palo Pinto County","White",81728,2424,820,0.0296593578700078,0.338283828382838,0.198264532985933,105657
"283",744,"Parker County","Asian",2124,29,11,0.013653483992467,0.379310344827586,0.207244937073523,286935
"284",745,"Parker County","Black",11017,381,144,0.0345829173096124,0.377952755905512,0.249192381677679,286935
"285",746,"Parker County","Hispanic",30028,820,271,0.0273078460103903,0.330487804878049,0.173393467726539,286935
"286",748,"Parker County","White",243766,4418,1558,0.0181239385312144,0.352648257129923,0.238469308782525,286935
"287",752,"Pecos County","Asian",2331,29,5,0.0124410124410124,0.172413793103448,0.162520768861814,143827
"288",753,"Pecos County","Black",8657,329,117,0.0380039274575488,0.355623100303951,0.19658999809421,143827
"289",754,"Pecos County","Hispanic",54245,914,185,0.0168494792146742,0.202407002188184,0.169899103640585,143827
"290",756,"Pecos County","White",78594,1026,339,0.0130544316360027,0.330409356725146,0.211911485115788,143827
"291",757,"Polk County","Black",15688,393,115,0.025050994390617,0.292620865139949,0.21082327993256,87680
"292",758,"Polk County","Hispanic",9684,254,34,0.0262288310615448,0.133858267716535,0.12642384757424,87680
"293",760,"Polk County","White",62308,944,262,0.015150542466457,0.277542372881356,0.183806968873665,87680
"294",761,"Potter County","Asian",2461,49,16,0.0199106054449411,0.326530612244898,0.178169101675498,105908
"295",762,"Potter County","Black",7091,348,149,0.049076293893668,0.42816091954023,0.216848026154931,105908
"296",763,"Potter County","Hispanic",21940,641,183,0.0292160437556974,0.285491419656786,0.164875419212749,105908
"297",765,"Potter County","White",74416,1150,381,0.0154536658783057,0.331304347826087,0.249113370842252,105908
"298",772,"Randall County","Asian",1024,4,1,0.00390625,0.25,0.221190136433786,143826
"299",773,"Randall County","Black",4335,89,27,0.0205305651672434,0.303370786516854,0.257782929059776,143826
"300",774,"Randall County","Hispanic",25632,450,136,0.0175561797752809,0.302222222222222,0.182463107129122,143826
"301",776,"Randall County","White",112835,1254,434,0.0111135729162051,0.346092503987241,0.244042859280308,143826
"302",792,"Refugio County","Asian",1252,7,3,0.00559105431309904,0.428571428571429,0.141608631329761,84211
"303",793,"Refugio County","Black",5319,166,40,0.0312088738484678,0.240963855421687,0.159183017820206,84211
"304",794,"Refugio County","Hispanic",38454,1281,159,0.0333125292557341,0.124121779859485,0.0922735175934041,84211
"305",795,"Refugio County","White",39186,629,130,0.0160516510998826,0.206677265500795,0.141189622555744,84211
"306",811,"Rusk County","Asian",897,13,1,0.0144927536231884,0.0769230769230769,0.221463942182083,132790
"307",812,"Rusk County","Black",25783,1114,414,0.0432067641469185,0.371633752244165,0.241360184431736,132790
"308",813,"Rusk County","Hispanic",14536,650,171,0.044716565767749,0.263076923076923,0.133628017741283,132790
"309",814,"Rusk County","White",91574,2514,896,0.0274532072422303,0.356404136833731,0.213837574386713,132790
"310",820,"San Jacinto County","Asian",1183,7,1,0.00591715976331361,0.142857142857143,0.232776694800046,107666
"311",821,"San Jacinto County","Black",18381,488,204,0.0265491540177357,0.418032786885246,0.26422413927426,107666
"312",822,"San Jacinto County","Hispanic",10860,210,52,0.0193370165745856,0.247619047619048,0.190251512371598,107666
"313",824,"San Jacinto County","White",77242,965,362,0.0124932031796173,0.375129533678756,0.261832607060376,107666
"314",825,"San Patricio County","Black",6761,82,28,0.0121283833752403,0.341463414634146,0.224569288706751,164524
"315",826,"San Patricio County","Hispanic",80193,1034,204,0.0128938934819747,0.197292069632495,0.146496928895822,164524
"316",827,"San Patricio County","White",77570,701,176,0.00903699883975764,0.251069900142653,0.182449518383525,164524
"317",849,"Smith County","Asian",3411,45,9,0.0131926121372032,0.2,0.184519203326587,313583
"318",850,"Smith County","Black",70120,3371,934,0.0480747290359384,0.277069118955799,0.189310430148544,313583
"319",851,"Smith County","Hispanic",32634,1493,353,0.0457498314641172,0.236436704621567,0.111239383340859,313583
"320",853,"Smith County","White",207418,4734,1477,0.0228234772295558,0.311998310097169,0.192272884296947,313583
"321",857,"Starr County","Black",1135,42,3,0.0370044052863436,0.0714285714285714,0.124248513516123,303330
"322",858,"Starr County","Hispanic",265397,6470,813,0.0243785724782119,0.125656877897991,0.0854395249024427,303330
"323",860,"Starr County","White",36798,1087,111,0.0295396488939616,0.102115915363385,0.0909134967281201,303330
"324",882,"Taylor County","Asian",1175,7,3,0.00595744680851064,0.428571428571429,0.246846003595097,119761
"325",883,"Taylor County","Black",8043,206,88,0.0256123337063285,0.427184466019417,0.277389406600063,119761
"326",884,"Taylor County","Hispanic",18201,322,137,0.0176913356408989,0.425465838509317,0.216399931022889,119761
"327",886,"Taylor County","White",92342,1148,425,0.0124320460895367,0.370209059233449,0.273033399750871,119761
"328",898,"Titus County","Asian",1262,15,2,0.0118858954041204,0.133333333333333,0.163939331217688,115696
"329",899,"Titus County","Black",18831,609,194,0.0323402899474271,0.318555008210181,0.205503196823134,115696
"330",900,"Titus County","Hispanic",18221,591,122,0.0324351023544262,0.206429780033841,0.123947971286363,115696
"331",901,"Titus County","White",77382,1102,300,0.014241037967486,0.272232304900181,0.20114779762746,115696
"332",902,"Tom Green County","Asian",848,6,2,0.00707547169811321,0.333333333333333,0.239372145581915,146922
"333",903,"Tom Green County","Black",5831,186,63,0.0318984736751844,0.338709677419355,0.252301019824294,146922
"334",904,"Tom Green County","Hispanic",36809,1144,328,0.0310793555923823,0.286713286713287,0.156583525464278,146922
"335",906,"Tom Green County","White",103434,1506,576,0.0145600092812808,0.382470119521912,0.260425080731293,146922
"336",907,"Travis County","Asian",9379,104,20,0.0110886021963962,0.192307692307692,0.223419595621225,315339
"337",908,"Travis County","Black",29743,1173,437,0.0394378509229062,0.372549019607843,0.251606729842315,315339
"338",909,"Travis County","Hispanic",70460,2582,799,0.0366449049105876,0.309450038729667,0.158900131043457,315339
"339",911,"Travis County","White",205757,3458,1204,0.0168062325947598,0.348178137651822,0.258228888929806,315339
"340",920,"Upshur County","Asian",374,2,1,0.0053475935828877,0.5,0.276284967368996,96182
"341",921,"Upshur County","Black",11200,284,131,0.0253571428571429,0.461267605633803,0.317417477248695,96182
"342",922,"Upshur County","Hispanic",6866,176,78,0.025633556655986,0.443181818181818,0.204534873743826,96182
"343",923,"Upshur County","White",77742,1378,565,0.0177252964935299,0.410014513788099,0.273337131540767,96182
"344",933,"Van Zandt County","Asian",2016,36,11,0.0178571428571429,0.305555555555556,0.225978629497127,156123
"345",934,"Van Zandt County","Black",29525,1801,699,0.0609991532599492,0.38811771238201,0.225149328795333,156123
"346",935,"Van Zandt County","Hispanic",13818,767,204,0.0555073093067014,0.265971316818774,0.130413258107948,156123
"347",937,"Van Zandt County","White",110764,2806,1036,0.0253331407316457,0.369208838203849,0.245486281143308,156123
"348",938,"Victoria County","Asian",1390,12,3,0.00863309352517986,0.25,0.135833517982245,128154
"349",939,"Victoria County","Black",8312,169,34,0.0203320500481232,0.201183431952663,0.187577158179465,128154
"350",940,"Victoria County","Hispanic",57217,1803,259,0.0315116136812486,0.143649473100388,0.0978914398122454,128154
"351",942,"Victoria County","White",61235,785,187,0.0128194659916714,0.238216560509554,0.159015021622439,128154
"352",943,"Walker County","Asian",3168,26,8,0.00820707070707071,0.307692307692308,0.240480660129499,152032
"353",944,"Walker County","Black",32326,1195,420,0.036967147188022,0.351464435146443,0.2393794922576,152032
"354",945,"Walker County","Hispanic",21703,731,201,0.0336819794498456,0.274965800273598,0.149680813053035,152032
"355",946,"Walker County","White",94835,1857,677,0.0195813781831602,0.364566505115778,0.231603250320209,152032
"356",947,"Waller County","Asian",2814,37,17,0.0131485429992893,0.459459459459459,0.272672762127927,101152
"357",948,"Waller County","Black",21681,1120,459,0.0516581338499147,0.409821428571429,0.248536037474147,101152
"358",949,"Waller County","Hispanic",22024,1035,319,0.0469941881583727,0.308212560386473,0.144342387907664,101152
"359",951,"Waller County","White",54633,1586,629,0.0290300733988615,0.396595208070618,0.23829511441577,101152
"360",961,"Webb County","Asian",769,15,1,0.0195058517555267,0.0666666666666667,0.0649204893988597,258228
"361",962,"Webb County","Black",2558,61,9,0.0238467552775606,0.147540983606557,0.10607111125145,258228
"362",963,"Webb County","Hispanic",209478,4729,384,0.0225751630242794,0.0812010995982237,0.0641917369917951,258228
"363",964,"Webb County","White",45423,776,72,0.0170838561962002,0.0927835051546392,0.0796670643817549,258228
"364",965,"Wharton County","Asian",1991,18,6,0.00904068307383224,0.333333333333333,0.212333103494485,103524
"365",966,"Wharton County","Black",11693,423,172,0.0361754896091679,0.40661938534279,0.229289927631337,103524
"366",967,"Wharton County","Hispanic",45224,2158,445,0.0477180258269945,0.206209453197405,0.112838789635639,103524
"367",969,"Wharton County","White",44616,1037,290,0.0232427828581675,0.279652844744455,0.193899992441495,103524
"368",974,"Wichita County","Asian",1329,26,8,0.0195635816403311,0.307692307692308,0.215879200461466,103936
"369",975,"Wichita County","Black",8562,354,169,0.0413454800280308,0.477401129943503,0.269954596219004,103936
"370",976,"Wichita County","Hispanic",10491,422,147,0.040224954723096,0.348341232227488,0.159709222537205,103936
"371",978,"Wichita County","White",83554,1723,667,0.0206213945472389,0.38711549622751,0.264359989265988,103936
"372",984,"Willacy County","Black",2046,70,4,0.0342130987292278,0.0571428571428571,0.0849574732408361,111703
"373",985,"Willacy County","Hispanic",82656,3257,176,0.0394042779713511,0.0540374577832361,0.0464768370765593,111703
"374",986,"Willacy County","White",27001,595,39,0.0220362208807081,0.065546218487395,0.0644226559026444,111703
"375",987,"Williamson County","Asian",9038,81,30,0.00896215976986059,0.37037037037037,0.235105189393278,328014
"376",988,"Williamson County","Black",32293,734,313,0.0227293840770446,0.426430517711172,0.296634842306747,328014
"377",989,"Williamson County","Hispanic",66346,1754,509,0.0264371627528412,0.290193842645382,0.172149883084597,328014
"378",991,"Williamson County","White",220337,3871,1435,0.0175685427322692,0.370705244122966,0.242163473952977,328014
"379",999,"Wise County","Asian",2713,31,3,0.011426465167711,0.0967741935483871,0.204428255811356,266634
"380",1000,"Wise County","Black",14186,495,170,0.0348935570280558,0.343434343434343,0.238876971844225,266634
"381",1001,"Wise County","Hispanic",30967,923,263,0.0298059224335583,0.284940411700975,0.157407503725795,266634
"382",1003,"Wise County","White",218768,4081,1415,0.0186544650040225,0.346728742955158,0.227627206222205,266634
"383",1004,"Wood County","Black",5877,126,40,0.0214395099540582,0.317460317460317,0.203653594757826,98782
"384",1005,"Wood County","Hispanic",5973,146,10,0.0244433283107316,0.0684931506849315,0.118283282489496,98782
"385",1006,"Wood County","White",86932,1092,274,0.0125615423549441,0.250915750915751,0.176850537117424,98782
